"A&B023","A&B Air Systems Ltd","Unit 21","Abenbury Way","Wrexham Industrial Estate","Wrexham","LL13 9UZ",5000.00
"AAL025","Aalco Metals Ltd","Express Trading Estate","Stone Hill Road","Farnworth","Bolton","BL4 9NN",300.00
"AIR002","Air Products Plc","2 Millennium Gate","Westmere Drive","Crewe"," ","CW1 6AP",15000.00
"ALI008","Aline Services Ltd","8 Sheffield Street","Manchester"," "," ","M1 2ND",2000.00
"ALP005","Alpine Tool Hire & Sales","1 Chester Road","Warrington"," "," ","WA4 6BE",10000.00
"AND003","Andean Signs","Unit 5","Eastlands Business Park","Coal Park Lane","Hampshire","SO31 7GW",4000.00
"AYR006","Ayrshire Metal Products Plc","Pocketnook Street","St. Helens","Merseyside"," ","WA9 1LT",4500.00
"B&M001","B&M Waste Services","Iris House","Dock Road South","Bromborough","Wirral","CH62 4SQ",500.00
"BLU016","Blu-Sky Uk Ltd","Office 5, Stable Court","Water Lane Farm","Tarbock Green","Knowsley","L35 1RD",7500.00
"CAP008","Capper Shaw Electrical","38 Park Avenue","Warrington"," "," ","WA4 1DZ",910.00
"CHE019","Cheshire Vehicle Installations","14 Nightingale Close","Middlewich","Cheshire"," ","CW10 0SJ",1000.00
"CON003","Concept Metal Products Co Ltd","Mills Hill Road","Middleton","Manchester"," ","M24 2EF",3000.00
"CRO018","Cromwell Group (Holdings) Ltd","PO Box 14","Chartwell Drive","Wigston","Leicester","LE18 1AT",8000.00
"CTE017","Cte Supplies Ltd","697 Knutsford Road","Latchford","Warrington"," ","WA4 1JY",400.00
"CVR002","Commercial Vehicle Roofs (2009) Ltd","Moss Bridge Road","Rochdale","Greater Manchester"," ","OL16 5PQ",920.00
"DIR005","Direct Auto Supplies Ltd","Unit 12, Hardy Street","Warrington"," "," ","WA2 7HG",1000.00
"GLO001","Global Screw Company Ltd","Business and Technology Centre","Green Lane","Eccles","Manchester","M30 0RJ",1000.00
"HAN008","Hanson Plywood Ltd","Drakes Industrial Estate","Shay Lane","Ovenden","Halifax","HX3 6RL",4300.00
"HYN001","Hyndburn Commercials Ltd","Unit 2, Spring Court","Alan Ramsbottom Way","Gt Harwood","Blackburn","BB6 7WL",300.00
"INT001","Intersafety Industrial Protection Ltd","Adlington Industrial Estate","Adlington","Macclesfield"," ","SK10 4NL",950.00
"JOH001","John Chorley & Co Ltd","Dallam Lane","Warrington","Cheshire"," ","WA2 7PZ",25000.00
"LED009","Led Autolamps Europe Llp","Unit 8J","Maybrook Road","Maybrook Business Park","Minworth","B76 1AL",4000.00
"LEY003","Leyland Auto Ltd","Meadow Works","Cocker Road","Walton Summit, Bamber Bridge","Preston","PR5 8BP",1400.00
"MAC001","Macsen Lamps","813 Rochdale Road","Manchester"," "," ","M9 5XD",2000.00
"NOR004","Nord Composites Uk Ltd","Unit 1DG","Moor Lane Industrial Estate","Perrywell Road","Witton","B6 7AT",900.00
"OPU001","Opus Energy Ltd","Royal Pavilion","2 Summerhouse Road","Moulton Park","Northampton","NN3 6BJ",100.00
"PAL009","Palatine Paints & Chemicals Ltd","Palatine Works","Smallbrook Lane","Leigh"," ","WN7 5PZ",.00
"PAR006","Parma Industries","34-36 Carlton Park Industrial Est.","Saxmundham","Suffolk"," ","IP17 2NL",400.00
"PFJ003","P.F. Jones Ltd","Nuttall Street","Old Trafford","Manchester"," ","M16 9JA",1000.00
"RIG009","Righton Ltd","Manchester Service Centre","6a Yew Tree Way","Golborne","Warrington","WA3 3JD",3000.00
"SAF016","Safety Glass Industries Ltd","Unit 10, Guinness Rd Trading Estate","Guinness Road","Trafford Park","Manchester","M17 1SB",100000.00
"SER002","Servemet (North West) Ltd","Unit 4, Westwood Industrial Estate,","Arkwright Street","Chadderton","Oldham","OL9 9LZ",.00
"STE009","Stedall (Vehicle Fittings) Ltd","Badminton Road Trading Estate","Yate","Bristol"," ","BS37 5JS",350.00
"SUP003","Supertune Automotive Ltd","Coulton Close","off Cromford Street","Oldham"," ","OL1 4EB",4510.00
"TNR003","T.N. Robinson Ltd","Daw Bank","Stockport"," "," ","SK3 0EH",7000.00
"UKA004","Uk Automotive Products Ltd","Unit 4, Key Point,","Lower Keys Business Park,","Hednesford","Cannock","WS12 2FN",500.00
"ULT003","Ultra Welding Equipment Ltd","Progress House","Catherine Street West","Denton","Manchester","M34 3SB",2000.00
"VEN006","Venta","South Wonston","Winchester"," "," ","SO21 3HN",800.00
